,,,,,Deaths,,,,,,,,,,,DALYs,,,,,,,,,,,HYL,,,,,,,,,,,YLD,,,,,,,,,,,Prevalence,,,,,,,,,
Country Name,Income Status,ISO3,GBD Code,,DNull,D1,D2,D3,D5,D6,D7,D8,D9,D10,,DNull,D1,D2,D3,D5,D6,D7,D8,D9,D10,,DNull,D1,D2,D3,D5,D6,D7,D8,D9,D10,,DNull,D1,D2,D3,D5,D6,D7,D8,D9,D10,,DNull,D1,D2,D3,D5,D6,D7,D8,D9,D10
Afghanistan,LIC,AFG,160,,"80,252,970","80,240,546","80,248,027","80,174,292","80,224,309",,,,,,,"3,539,821,238","3,539,148,428","3,539,540,323","3,520,168,820","3,529,120,249",,,,,,,"5,682,141,054","5,682,802,907","5,682,396,193","5,701,325,310","5,692,621,219",,,,,,,"969,269,012","969,483,828","969,329,328","955,054,139","960,554,401",,,,,,,"6,651,410,066","6,652,286,736","6,651,725,521","6,656,379,449","6,653,175,621",,,,,
Algeria,LMIC,DZA,139,,"56,032,628","55,909,421","55,960,778","55,616,112","56,033,703",,,,,,,"2,151,594,419","2,148,991,120","2,149,643,485","2,124,246,148","2,141,998,196",,,,,,,"5,186,065,310","5,188,164,402","5,187,641,392","5,211,412,068","5,195,655,809",,,,,,,"923,743,852","924,499,870","924,218,489","909,618,098","914,245,242",,,,,,,"6,109,809,162","6,112,664,272","6,111,859,882","6,121,030,166","6,109,901,051",,,,,
Angola,LMIC,AGO,168,,"128,780,145","128,749,267","128,774,536","128,674,866","128,746,248",,,,,,,"7,764,293,416","7,762,738,243","7,764,042,934","7,749,595,367","7,756,898,035",,,,,,,"11,995,280,682","11,996,257,086","11,995,458,222","12,008,325,824","12,002,138,644",,,,,,,"1,810,234,770","1,810,552,870","1,810,276,987","1,801,430,825","1,804,732,972",,,,,,,"13,805,515,452","13,806,809,955","13,805,735,209","13,809,756,649","13,806,871,617",,,,,
Argentina,UMIC,ARG,97,,"53,640,157","53,591,216","53,608,981","53,434,263","53,624,239",,,,,,,"1,780,660,141","1,779,532,078","1,779,742,143","1,765,658,237","1,774,887,870",,,,,,,"4,399,686,740","4,400,690,696","4,400,475,108","4,413,888,934","4,405,371,127",,,,,,,"677,012,413","677,247,033","677,139,108","668,675,297","671,880,993",,,,,,,"5,076,699,153","5,077,937,729","5,077,614,216","5,082,564,231","5,077,252,120",,,,,
Bangladesh,LMIC,BGD,161,,"207,292,302","207,238,688","207,275,935","206,982,124","207,176,074",,,,,,,"7,352,722,635","7,351,039,126","7,352,114,123","7,316,442,460","7,333,450,025",,,,,,,"13,624,480,942","13,625,939,826","13,625,003,757","13,659,977,067","13,643,602,128",,,,,,,"2,699,157,325","2,699,641,499","2,699,311,436","2,673,764,917","2,683,451,667",,,,,,,"16,323,638,267","16,325,581,325","16,324,315,193","16,333,741,983","16,327,053,795",,,,,
Brazil,UMIC,BRA,135,,"223,125,155","222,881,997","222,987,486","222,067,699","222,987,785",,,,,,,"7,522,942,204","7,517,202,010","7,518,971,843","7,459,172,928","7,499,025,253",,,,,,,"15,365,683,592","15,370,434,904","15,369,034,202","15,424,990,893","15,389,061,559",,,,,,,"2,751,623,845","2,752,685,297","2,752,164,854","2,720,078,862","2,731,931,819",,,,,,,"18,117,307,437","18,123,120,202","18,121,199,057","18,145,069,755","18,120,993,378",,,,,
Burkina Faso,LIC,BFA,201,,"67,105,329","67,100,175","67,102,272","67,073,103","67,095,823",,,,,,,"3,659,010,341","3,658,537,327","3,658,782,498","2,651,019,055","3,656,138,518",,,,,,,"5,427,145,348","5,427,553,246","5,427,337,352","5,432,839,801","5,429,846,541",,,,,,,"832,501,950","832,620,024","832,547,895","829,249,247","830,415,648",,,,,,,"6,259,647,299","6,260,173,270","6,259,885,247","6,262,089,048","6,260,262,190",,,,,
Burundi,LIC,BDI,175,,"38,888,555","38,882,505","38,886,230","38,859,361","38,879,965",,,,,,,"2,170,872,342","2,170,574,704","2,170,758,566","1,590,901,161","2,169,388,645",,,,,,,"3,332,360,401","3,332,569,026","3,332,443,243","3,335,185,859","3,333,722,510",,,,,,,"485,584,392","485,640,738","485,599,117","483,998,991","484,588,446",,,,,,,"3,817,944,794","3,818,209,763","3,818,042,359","3,819,184,850","3,818,310,956",,,,,
Cameroon,LMIC,CMR,202,,"79,709,419","79,705,193","79,706,675","79,674,391","79,697,030",,,,,,,"4,242,992,160","4,242,514,870","4,242,763,760","4,236,275,044","4,239,790,319",,,,,,,"6,009,874,366","6,010,309,776","6,010,073,000","6,016,124,787","6,012,879,310",,,,,,,"933,367,123","933,478,446","933,403,711","930,014,900","931,244,934",,,,,,,"6,943,241,489","6,943,788,222","6,943,476,711","6,946,139,687","6,944,124,244",,,,,
Central African Republic,LIC,CAF,169,,"14,385,326","14,384,356","14,385,118","14,380,137","14,383,179",,,,,,,"774,555,699","774,442,528","774,536,509","511,533,142","773,823,897",,,,,,,"834,261,375","834,357,722","834,279,129","835,586,324","834,959,507",,,,,,,"138,501,059","138,531,457","138,505,093","137,668,544","137,980,858",,,,,,,"972,762,434","972,889,178","972,784,222","973,254,868","972,940,365",,,,,
Chad,LIC,TCD,204,,"64,407,022","64,399,508","64,403,464","64,371,925","64,398,540",,,,,,,"3,881,767,806","3,881,400,205","3,881,595,828","2,645,944,455","3,879,774,907",,,,,,,"4,120,966,674","4,121,259,954","4,121,102,073","4,124,942,627","4,122,845,372",,,,,,,"614,588,605","614,677,150","614,619,988","612,275,871","613,105,176",,,,,,,"4,735,555,278","4,735,937,105","4,735,722,061","4,737,218,499","4,735,950,548",,,,,
China,UMIC,CHN,6,,"1,581,359,770","1,580,685,641","1,580,938,715","1,578,665,436","1,581,179,803",,,,,,,"42,790,909,520","42,771,546,547","42,776,826,032","42,457,030,948","42,641,328,416",,,,,,,"101,422,812,370","101,442,207,148","101,436,326,516","101,754,458,823","101,572,356,523",,,,,,,"14,528,401,054","14,534,033,170","14,530,795,849","14,296,055,707","14,385,839,306",,,,,,,"115,951,213,425","115,976,240,318","115,967,122,365","116,050,514,530","115,958,195,828",,,,,
Colombia,UMIC,COL,125,,"52,269,168","52,183,721","52,219,620","51,970,710","52,263,415",,,,,,,"1,758,944,678","1,757,119,537","1,757,646,464","1,737,797,309","1,750,915,041",,,,,,,"3,978,896,842","3,980,390,241","3,979,976,944","3,998,800,772","3,986,907,246",,,,,,,"686,813,631","687,211,073","687,034,739","674,318,721","679,007,592",,,,,,,"4,665,710,474","4,667,601,314","4,667,011,683","4,673,119,493","4,665,914,839",,,,,
CÃ´te d'Ivoire,LMIC,CIV,205,,"83,997,961","83,992,843","83,994,702","83,965,946","83,988,999",,,,,,,"4,611,795,645","4,611,282,282","4,611,540,745","4,605,014,939","4,608,637,924",,,,,,,"6,149,719,651","6,150,168,209","6,149,935,052","6,156,072,804","6,152,737,356",,,,,,,"931,319,260","931,449,541","931,367,715","927,585,440","928,934,536",,,,,,,"7,081,038,910","7,081,617,749","7,081,302,767","7,083,658,244","7,081,671,891",,,,,
Cuba,UMIC,CUB,109,,"10,996,093","10,973,826","10,978,201","10,903,966","11,000,763",,,,,,,"351,417,225","350,909,173","350,935,619","346,561,995","350,145,201",,,,,,,"655,876,779","656,306,056","656,289,669","660,390,249","657,165,275",,,,,,,"152,943,319","153,126,992","153,090,158","151,185,817","151,550,492",,,,,,,"808,820,098","809,433,048","809,379,827","811,576,066","808,715,767",,,,,
Democratic People's Republic of Korea,LIC,PRK,7,,,,,,,,,,,,,,,,,,,,,,,,,,,,,,,,,,,,,,,,,,,,,,,,,,,,,,,
Democratic Republic of the Congo,LIC,COD,171,,"312,990,662","312,895,229","312,973,268","312,699,831","312,907,553",,,,,,,"18,573,185,663","18,569,168,575","18,572,502,481","13,815,367,370","18,554,971,491",,,,,,,"24,765,210,267","24,768,005,661","24,765,721,768","24,798,480,289","24,782,377,093",,,,,,,"3,958,377,687","3,959,362,564","3,958,518,804","3,936,448,833","3,944,513,902",,,,,,,"28,723,587,954","28,727,368,225","28,724,240,572","28,734,929,122","28,726,890,995",,,,,
Dominican Republic,UMIC,DOM,111,,"13,085,016","13,074,540","13,076,242","13,021,995","13,077,521",,,,,,,"518,990,305","518,706,199","518,710,413","515,519,313","517,881,664",,,,,,,"1,011,064,615","1,011,280,928","1,011,286,227","1,014,129,456","1,012,123,520",,,,,,,"196,299,642","196,365,898","196,341,123","195,045,148","195,481,058",,,,,,,"1,207,364,258","1,207,646,825","1,207,627,350","1,209,174,604","1,207,604,578",,,,,
Ecuador,UMIC,ECU,122,,"20,661,615","20,641,485","20,648,898","20,552,948","20,639,874",,,,,,,"776,617,281","776,212,395","776,281,493","770,043,662","773,818,016",,,,,,,"1,859,888,179","1,860,205,863","1,860,154,817","1,865,898,340","1,862,569,467",,,,,,,"307,508,390","307,560,232","307,542,608","303,948,623","305,350,905",,,,,,,"2,167,396,569","2,167,766,095","2,167,697,425","2,169,846,963","2,167,920,372",,,,,
Egypt,LMIC,EGY,141,,"178,510,501","178,443,262","178,461,150","178,125,385","178,444,298",,,,,,,"6,871,991,162","6,869,346,964","6,869,716,794","6,827,941,641","6,853,504,439",,,,,,,"16,381,017,315","16,383,515,476","16,383,036,398","16,422,775,953","16,398,815,341",,,,,,,"2,477,829,087","2,478,423,510","2,478,044,422","2,453,501,176","2,463,130,703",,,,,,,"18,858,846,402","18,861,938,986","18,861,080,820","18,876,277,129","18,861,946,044",,,,,
Eritrea,LIC,ERI,178,,"7,819,914","7,818,310","7,819,304","7,811,357","7,817,167",,,,,,,"360,920,376","360,844,600","360,890,856","267,673,040","360,497,057",,,,,,,"669,409,006","669,466,289","669,431,900","670,213,729","669,799,495",,,,,,,"107,373,853","107,388,511","107,377,288","106,948,963","107,108,477",,,,,,,"776,782,859","776,854,800","776,809,188","777,162,692","776,907,973",,,,,
Ethiopia,LIC,ETH,179,,"243,035,375","242,988,610","243,017,653","242,804,200","242,966,242",,,,,,,"11,430,855,597","11,428,883,472","11,430,067,624","8,866,044,938","11,420,758,049",,,,,,,"20,263,884,058","20,265,407,557","20,264,505,218","20,283,853,058","20,273,373,677",,,,,,,"3,347,905,275","3,348,312,815","3,348,022,807","3,337,627,366","3,341,390,132",,,,,,,"23,611,789,332","23,613,720,373","23,612,528,025","23,621,480,424","23,614,763,809",,,,,
Gambia,LIC,GMB,206,,"7,206,784","7,206,293","7,206,464","7,203,488","7,205,811",,,,,,,"372,544,256","372,494,332","372,519,471","270,216,215","372,235,709",,,,,,,"588,638,329","588,682,838","588,659,486","589,260,479","588,933,030",,,,,,,"92,207,462","92,220,353","92,212,107","91,854,667","91,981,883",,,,,,,"680,845,791","680,903,191","680,871,593","681,115,147","680,914,913",,,,,
Ghana,LMIC,GHA,207,,"70,543,267","70,537,110","70,539,282","70,502,962","70,531,695",,,,,,,"3,254,132,773","3,253,492,838","3,253,812,861","3,245,485,076","3,250,094,351",,,,,,,"5,470,942,280","5,471,575,551","5,471,237,905","5,479,286,460","5,474,845,804",,,,,,,"911,115,920","911,304,795","911,189,720","906,545,511","908,153,235",,,,,,,"6,382,058,201","6,382,880,346","6,382,427,625","6,385,831,972","6,382,999,039",,,,,
Guatemala,UMIC,GTM,128,,"25,856,611","25,830,830","25,841,242","25,702,298","25,819,933",,,,,,,"1,030,803,723","1,030,113,699","1,030,280,998","1,019,048,316","1,025,685,262",,,,,,,"2,344,144,357","2,344,692,386","2,344,572,727","2,354,889,049","2,348,981,025",,,,,,,"347,592,577","347,653,526","347,586,715","341,186,036","343,926,946",,,,,,,"2,691,736,934","2,692,345,912","2,692,159,442","2,696,075,085","2,692,907,971",,,,,
Guinea,LIC,GIN,208,,"38,695,372","38,693,337","38,694,094","38,679,978","38,690,155",,,,,,,"2,016,228,113","2,015,986,720","2,016,113,574","1,453,308,524","2,014,672,021",,,,,,,"3,017,951,286","3,018,173,298","3,018,052,410","3,021,041,513","3,019,425,171",,,,,,,"473,151,249","473,213,467","473,171,234","471,441,299","472,063,644",,,,,,,"3,491,102,535","3,491,386,765","3,491,223,644","3,492,482,813","3,491,488,815",,,,,
Guinea-Bissau,LIC,GNB,209,,"5,520,853","5,520,662","5,520,692","5,518,668","5,520,018",,,,,,,"281,677,415","281,645,633","281,661,476","194,696,350","281,442,230",,,,,,,"390,775,758","390,805,643","390,790,051","391,232,741","390,996,755",,,,,,,"61,641,995","61,649,738","61,644,634","61,395,340","61,486,243",,,,,,,"452,417,753","452,455,381","452,434,686","452,628,081","452,482,998",,,,,
Haiti,LIC,HTI,114,,"19,497,090","19,485,455","19,486,984","19,421,324","19,486,163",,,,,,,"865,394,697","864,914,926","864,897,718","664,933,609","863,148,813",,,,,,,"1,232,838,739","1,233,237,033","1,233,261,390","1,238,929,487","1,235,013,150",,,,,,,"229,408,979","229,521,158","229,459,977","226,639,331","227,705,349",,,,,,,"1,462,247,718","1,462,758,191","1,462,721,367","1,465,568,818","1,462,718,499",,,,,
India,LMIC,IND,163,,"1,933,770,107","1,933,243,964","1,933,611,983","1,931,451,897","1,933,048,642",,,,,,,"70,765,047,202","70,746,807,345","70,758,396,559","70,344,279,259","70,539,663,087",,,,,,,"120,562,400,849","120,579,607,903","120,568,514,642","120,979,603,947","120,787,365,844",,,,,,,"23,399,770,314","23,405,883,022","23,401,630,564","23,088,039,760","23,206,803,053",,,,,,,"143,962,171,163","143,985,490,925","143,970,145,207","144,067,643,707","143,994,168,897",,,,,
Indonesia,UMIC,IDN,11,,"385,867,245","385,804,224","385,833,474","385,371,099","385,692,664",,,,,,,"13,077,400,829","13,074,801,459","13,075,637,884","13,018,555,110","13,048,514,700",,,,,,,"25,962,887,422","25,965,628,540","25,964,655,096","26,019,969,710","25,990,627,222",,,,,,,"4,147,792,048","4,148,049,726","4,147,774,554","4,118,550,322","4,130,653,787",,,,,,,"30,110,679,470","30,113,678,266","30,112,429,650","30,138,520,032","30,121,281,008",,,,,
Iran (Islamic Republic of),UMIC,IRN,142,,"109,681,438","109,617,387","109,635,156","109,398,713","109,665,356",,,,,,,"3,473,351,286","3,470,936,894","3,471,246,750","3,438,699,222","3,459,802,734",,,,,,,"7,892,931,592","7,895,598,261","7,895,017,468","7,927,794,100","7,906,464,852",,,,,,,"1,468,560,446","1,469,446,764","1,469,108,031","1,449,308,685","1,455,901,158",,,,,,,"9,361,492,037","9,365,045,025","9,364,125,499","9,377,102,786","9,362,366,010",,,,,
Iraq,UMIC,IRQ,143,,"79,573,043","79,532,221","79,540,575","79,346,357","79,542,526",,,,,,,"3,344,539,873","3,342,832,247","3,343,007,347","3,316,605,531","3,333,041,682",,,,,,,"7,522,300,214","7,523,816,295","7,523,601,041","7,548,660,865","7,533,501,429",,,,,,,"1,131,028,899","1,131,430,452","1,131,221,322","1,115,106,484","1,121,279,519",,,,,,,"8,653,329,113","8,655,246,747","8,654,822,363","8,663,767,349","8,654,780,948",,,,,
Jordan,UMIC,JOR,144,,"14,581,063","14,571,390","14,574,642","14,535,839","14,575,827",,,,,,,"504,464,105","504,101,087","504,169,481","499,380,331","502,440,646",,,,,,,"1,115,003,626","1,115,368,789","1,115,279,957","1,120,015,409","1,117,021,980",,,,,,,"198,200,646","198,308,767","198,257,546","195,399,537","196,416,720",,,,,,,"1,313,204,271","1,313,677,555","1,313,537,504","1,315,414,946","1,313,438,701",,,,,
Kazakhstan,UMIC,KAZ,36,,"26,895,217","26,874,476","26,874,977","26,787,626","26,894,419",,,,,,,"945,594,589","944,940,513","944,883,230","936,825,452","942,655,342",,,,,,,"2,166,935,011","2,167,489,522","2,167,530,549","2,175,121,433","2,169,865,114",,,,,,,"332,851,445","333,037,865","333,011,174","328,595,524","329,985,066",,,,,,,"2,499,786,457","2,500,527,387","2,500,541,723","2,503,716,957","2,499,850,180",,,,,
Kenya,LMIC,KEN,180,,"108,151,785","108,133,431","108,144,287","108,063,065","108,126,986",,,,,,,"4,766,218,160","4,765,225,631","4,765,818,667","4,755,014,326","4,761,069,967",,,,,,,"8,948,861,135","8,949,677,700","8,949,188,853","8,959,298,963","8,953,804,639",,,,,,,"1,502,248,779","1,502,492,999","1,502,322,436","1,496,675,465","1,498,680,435",,,,,,,"10,451,109,914","10,452,170,699","10,451,511,289","10,455,974,428","10,452,485,074",,,,,
Liberia,LIC,LBR,210,,"12,863,543","12,860,502","12,862,131","12,850,955","12,860,995",,,,,,,"649,468,380","649,310,327","649,394,587","487,917,996","648,667,047",,,,,,,"1,060,583,158","1,060,721,075","1,060,645,445","1,062,265,469","1,061,357,514",,,,,,,"173,328,213","173,374,372","173,345,090","172,355,945","172,692,602",,,,,,,"1,233,911,371","1,234,095,448","1,233,990,535","1,234,621,414","1,234,050,116",,,,,
Madagascar,LIC,MDG,181,,"66,800,109","66,783,655","66,794,076","66,729,430","66,781,391",,,,,,,"3,315,565,719","3,314,868,755","3,315,298,502","2,537,349,074","3,312,295,957",,,,,,,"6,376,272,988","6,376,768,951","6,376,470,735","6,382,675,617","6,379,318,719",,,,,,,"987,062,209","987,212,435","987,103,468","983,460,166","984,773,023",,,,,,,"7,363,335,197","7,363,981,386","7,363,574,203","7,366,135,783","7,364,091,743",,,,,
Malawi,LIC,MWI,182,,"48,795,782","48,786,367","48,791,584","48,751,775","48,784,609",,,,,,,"2,395,778,231","2,395,224,072","2,395,554,292","1,782,014,171","2,393,042,344",,,,,,,"4,391,090,782","4,391,516,352","4,391,265,212","4,396,582,969","4,393,692,658",,,,,,,"686,622,501","686,749,611","686,661,637","683,488,949","684,624,975",,,,,,,"5,077,713,283","5,078,265,963","5,077,926,849","5,080,071,918","5,078,317,633",,,,,
Malaysia,UMIC,MYS,13,,"38,255,335","38,204,664","38,231,293","38,104,211","38,251,025",,,,,,,"1,294,208,222","1,293,155,434","1,293,568,541","1,282,136,780","1,289,234,612",,,,,,,"2,942,070,667","2,942,955,687","2,942,620,001","2,953,568,607","2,947,007,372",,,,,,,"513,896,193","514,178,687","514,048,542","506,669,617","509,203,253",,,,,,,"3,455,966,860","3,457,134,374","3,456,668,544","3,460,238,223","3,456,210,625",,,,,
Mali,LIC,MLI,211,,"74,627,305","74,622,161","74,624,440","74,596,493","74,618,191",,,,,,,"4,294,290,054","4,293,843,323","4,294,076,057","3,086,950,171","4,291,607,963",,,,,,,"5,701,942,683","5,702,320,075","5,702,118,851","5,707,259,129","5,704,475,043",,,,,,,"861,445,134","861,555,463","861,481,774","858,370,704","859,488,536",,,,,,,"6,563,387,817","6,563,875,538","6,563,600,625","6,565,629,833","6,563,963,580",,,,,
Mexico,UMIC,MEX,130,,"158,211,254","158,068,648","158,123,767","157,307,914","157,987,627",,,,,,,"5,501,905,778","5,497,690,860","5,498,550,465","5,428,385,829","5,470,021,160",,,,,,,"11,616,737,952","11,620,255,951","11,619,606,192","11,685,656,175","11,647,511,410",,,,,,,"1,921,716,618","1,922,052,208","1,921,696,658","1,880,234,421","1,897,947,361",,,,,,,"13,538,454,570","13,542,308,158","13,541,302,850","13,565,890,595","13,545,458,771",,,,,
Morocco,LMIC,MAR,148,,"49,830,618","49,799,840","49,807,983","49,691,976","49,822,384",,,,,,,"1,605,450,782","1,604,217,654","1,604,416,934","1,587,897,813","1,598,537,946",,,,,,,"3,635,078,592","3,636,504,354","3,636,129,481","3,652,832,928","3,641,940,301",,,,,,,"680,472,768","680,965,575","680,761,063","670,866,125","674,105,470",,,,,,,"4,315,551,360","4,317,469,929","4,316,890,544","4,323,699,053","4,316,045,771",,,,,
Mozambique,LIC,MOZ,184,,"91,152,632","91,138,551","91,146,513","91,072,266","91,126,832",,,,,,,"4,776,758,915","4,775,873,931","4,776,409,809","3,566,907,855","4,771,875,081",,,,,,,"8,299,134,480","8,299,780,483","8,299,398,721","8,308,337,071","8,303,600,359",,,,,,,"1,256,874,351","1,257,036,764","1,256,920,687","1,251,868,971","1,253,738,994",,,,,,,"9,556,008,831","9,556,817,247","9,556,319,408","9,560,206,041","9,557,339,354",,,,,
Myanmar,LMIC,MMR,15,,"83,071,479","83,063,001","83,065,310","83,007,025","83,052,915",,,,,,,"2,904,582,124","2,903,936,316","2,904,088,689","2,890,179,554","2,897,651,862",,,,,,,"4,813,967,863","4,814,758,200","4,814,506,078","4,828,698,947","4,820,896,460",,,,,,,"785,337,831","785,454,860","785,381,310","776,847,939","780,224,382",,,,,,,"5,599,305,694","5,600,213,060","5,599,887,388","5,605,546,885","5,601,120,842",,,,,
Nepal,LMIC,NPL,164,,"40,498,127","40,493,120","40,496,422","40,477,538","40,492,593",,,,,,,"1,350,485,954","1,350,207,902","1,350,378,430","1,343,358,895","1,346,644,604",,,,,,,"2,319,702,371","2,320,008,909","2,319,812,752","2,326,979,220","2,323,608,525",,,,,,,"466,876,256","466,994,033","466,912,779","461,211,927","463,364,353",,,,,,,"2,786,578,627","2,787,002,942","2,786,725,531","2,788,191,147","2,786,972,877",,,,,
Niger,LIC,NER,213,,"116,948,022","116,937,083","116,942,892","116,886,703","116,929,280",,,,,,,"7,394,946,556","7,394,349,039","7,394,683,639","5,507,846,681","7,391,648,289",,,,,,,"11,412,421,753","11,412,834,204","11,412,607,162","11,418,527,056","11,415,384,704",,,,,,,"1,583,754,526","1,583,861,656","1,583,787,622","1,580,238,074","1,581,543,576",,,,,,,"12,996,176,279","12,996,695,860","12,996,394,783","12,998,765,130","12,996,928,281",,,,,
Nigeria,LMIC,NGA,214,,"757,162,306","757,154,582","757,153,997","757,071,460","757,129,557",,,,,,,"43,278,017,077","43,275,630,470","43,276,894,404","43,244,656,371","43,262,070,702",,,,,,,"48,915,471,576","48,917,590,219","48,916,438,844","48,947,022,041","48,930,781,457",,,,,,,"7,232,772,362","7,233,315,609","7,232,949,664","7,214,163,051","7,221,076,331",,,,,,,"56,148,243,939","56,150,905,828","56,149,388,508","56,161,185,093","56,151,857,788",,,,,
Pakistan,LMIC,PAK,165,,"417,715,003","417,646,337","417,693,894","417,223,650","417,509,083",,,,,,,"18,088,204,711","18,085,101,434","18,087,078,162","18,004,698,108","18,042,703,037",,,,,,,"31,087,731,439","31,090,433,277","31,088,697,847","31,168,323,864","31,132,047,624",,,,,,,"5,304,804,609","5,305,579,755","5,304,998,884","5,250,113,389","5,271,380,583",,,,,,,"36,392,536,048","36,396,013,032","36,393,696,731","36,418,437,253","36,403,428,207",,,,,
Peru,UMIC,PER,123,,"37,341,842","37,318,205","37,326,584","37,232,933","37,327,813",,,,,,,"1,310,811,984","1,310,346,156","1,310,416,210","1,303,293,753","1,307,646,032",,,,,,,"3,122,618,363","3,123,013,138","3,122,947,915","3,129,671,637","3,125,708,170",,,,,,,"519,975,562","520,061,352","520,037,550","515,652,194","517,299,991",,,,,,,"3,642,593,924","3,643,074,490","3,642,985,466","3,645,323,831","3,643,008,162",,,,,
Philippines,LMIC,PHL,16,,"159,713,474","159,650,620","159,678,311","159,362,925","159,626,542",,,,,,,"5,952,658,279","5,951,012,928","5,951,520,323","5,924,517,758","5,939,765,999",,,,,,,"12,132,136,059","12,133,630,030","12,133,136,330","12,158,638,020","12,144,466,787",,,,,,,"1,884,223,864","1,884,473,956","1,884,332,060","1,869,465,895","1,875,249,015",,,,,,,"14,016,359,923","14,018,103,987","14,017,468,390","14,028,103,915","14,019,715,802",,,,,
Russian Federation,UMIC,RUS,62,,"167,903,573","167,844,945","167,814,952","167,456,769","167,913,249",,,,,,,"5,255,511,067","5,253,436,642","5,251,979,072","5,225,969,332","5,249,234,932",,,,,,,"9,975,938,940","9,977,807,943","9,979,108,991","10,003,782,090","9,982,253,846",,,,,,,"1,634,883,800","1,635,570,971","1,635,809,714","1,626,693,891","1,628,131,088",,,,,,,"11,610,822,740","11,613,378,915","11,614,918,704","11,630,475,982","11,610,384,934",,,,,
Rwanda,LIC,RWA,185,,"27,968,211","27,962,104","27,965,762","27,937,891","27,959,377",,,,,,,"1,247,023,577","1,246,736,509","1,246,907,386","970,367,989","1,245,562,549",,,,,,,"2,542,089,977","2,542,320,721","2,542,183,383","2,545,014,407","2,543,470,985",,,,,,,"421,310,114","421,373,269","421,328,678","419,805,344","420,351,216",,,,,,,"2,963,400,091","2,963,693,990","2,963,512,061","2,964,819,751","2,963,822,200",,,,,
Sierra Leone,LIC,SLE,217,,"20,643,824","20,643,034","20,643,377","20,638,275","20,641,998",,,,,,,"1,062,132,008","1,062,067,875","1,062,099,882","703,268,105","1,061,670,715",,,,,,,"1,181,697,886","1,181,758,816","1,181,727,262","1,182,614,529","1,182,139,075",,,,,,,"190,521,576","190,536,895","190,526,566","190,032,686","190,213,446",,,,,,,"1,372,219,462","1,372,295,711","1,372,253,828","1,372,647,215","1,372,352,521",,,,,
Somalia,LIC,SOM,187,,"69,827,626","69,818,361","69,824,225","69,778,775","69,811,638",,,,,,,"4,341,799,036","4,341,346,003","4,341,633,112","3,074,334,605","4,339,412,022",,,,,,,"5,123,115,677","5,123,416,228","5,123,232,718","5,127,454,573","5,125,244,113",,,,,,,"720,197,483","720,269,624","720,213,575","717,790,780","718,705,264",,,,,,,"5,843,313,160","5,843,685,852","5,843,446,293","5,845,245,352","5,843,949,377",,,,,
South Africa,UMIC,ZAF,196,,"96,942,669","96,921,690","96,930,935","96,842,841","96,922,598",,,,,,,"3,712,245,714","3,710,203,663","3,711,265,455","3,695,163,091","3,705,607,087",,,,,,,"5,963,446,962","5,965,254,610","5,964,308,443","5,980,018,585","5,970,158,979",,,,,,,"1,062,559,801","1,063,112,611","1,062,764,706","1,055,405,076","1,057,665,082",,,,,,,"7,026,006,763","7,028,367,220","7,027,073,149","7,035,423,662","7,027,824,062",,,,,
South Sudan,LIC,SSD,435,,"31,919,683","31,915,125","31,917,941","31,899,691","31,914,387",,,,,,,"1,725,147,983","1,724,917,881","1,725,058,377","1,237,682,857","1,724,025,550",,,,,,,"2,223,482,080","2,223,658,812","2,223,552,491","2,225,735,882","2,224,552,254",,,,,,,"343,423,757","343,475,209","343,438,161","342,148,236","342,613,999",,,,,,,"2,566,905,837","2,567,134,020","2,566,990,653","2,567,884,118","2,567,166,254",,,,,
Sri Lanka,LMIC,LKA,17,,"25,368,537","25,335,510","25,351,753","25,225,606","25,342,612",,,,,,,"807,305,930","806,462,758","806,771,047","796,540,400","802,719,881",,,,,,,"1,688,552,252","1,689,319,004","1,689,032,715","1,698,953,282","1,693,089,858",,,,,,,"319,580,869","319,753,407","319,675,020","313,679,382","315,842,371",,,,,,,"2,008,133,121","2,009,072,410","2,008,707,735","2,012,632,665","2,008,932,228",,,,,
Sudan,LIC,SDN,522,,"107,204,589","107,121,327","107,169,983","106,979,338","107,197,903",,,,,,,"5,588,933,144","5,586,014,335","5,587,653,618","4,297,270,461","5,578,022,325",,,,,,,"9,294,242,253","9,296,393,556","9,295,203,602","9,318,426,746","9,305,058,983",,,,,,,"1,519,965,531","1,520,839,216","1,520,292,769","1,504,109,572","1,509,464,103",,,,,,,"10,814,207,784","10,817,232,772","10,815,496,371","10,822,536,318","10,814,523,086",,,,,
Syrian Arab Republic,LIC,SYR,153,,"27,744,123","27,717,269","27,724,833","27,633,485","27,741,651",,,,,,,"1,094,518,050","1,093,768,796","1,093,877,739","863,657,001","1,090,926,378",,,,,,,"2,392,125,960","2,392,791,375","2,392,663,142","2,401,231,982","2,395,692,702",,,,,,,"397,036,043","397,258,396","397,173,716","391,688,546","393,564,254",,,,,,,"2,789,162,003","2,790,049,771","2,789,836,858","2,792,920,528","2,789,256,956",,,,,
Tajikistan,LIC,TJK,39,,"19,726,778","19,720,400","19,720,474","19,683,705","19,720,563",,,,,,,"791,215,316","790,868,408","790,862,034","589,376,329","789,180,566",,,,,,,"1,971,144,219","1,971,429,728","1,971,436,108","1,976,046,846","1,973,094,156",,,,,,,"260,054,213","260,124,655","260,093,119","257,421,090","258,431,706",,,,,,,"2,231,198,432","2,231,554,384","2,231,529,227","2,233,467,936","2,231,525,862",,,,,
Thailand,UMIC,THA,18,,"66,173,681","66,092,988","66,136,338","65,901,552","66,146,218",,,,,,,"2,080,686,505","2,079,189,510","2,079,816,710","2,064,297,671","2,073,971,007",,,,,,,"4,167,327,346","4,168,597,486","4,168,075,428","4,182,797,810","4,173,913,283",,,,,,,"812,005,794","812,371,080","812,198,868","803,243,990","806,289,663",,,,,,,"4,979,333,140","4,980,968,565","4,980,274,295","4,986,041,800","4,980,202,946",,,,,
Togo,LIC,TGO,218,,"23,036,552","23,035,845","23,036,030","23,029,925","23,034,149",,,,,,,"1,181,182,549","1,181,073,676","1,181,130,911","848,042,250","1,180,452,158",,,,,,,"1,773,564,567","1,773,667,666","1,773,610,760","1,775,009,503","1,774,256,825",,,,,,,"277,766,239","277,793,652","277,775,210","276,980,032","277,267,205",,,,,,,"2,051,330,806","2,051,461,317","2,051,385,970","2,051,989,535","2,051,524,030",,,,,
Turkey,UMIC,TUR,155,,"96,677,591","96,575,535","96,616,297","96,255,413","96,639,359",,,,,,,"3,217,336,091","3,214,869,233","3,215,465,084","3,188,220,293","3,206,456,715",,,,,,,"7,210,197,871","7,212,517,990","7,211,862,861","7,238,139,120","7,220,961,097",,,,,,,"1,368,572,371","1,369,308,752","1,369,005,344","1,354,022,535","1,358,936,800",,,,,,,"8,578,770,243","8,581,826,742","8,580,868,205","8,592,161,656","8,579,897,897",,,,,
Uganda,LIC,UGA,190,,"116,993,470","116,974,296","116,984,633","116,902,223","116,970,324",,,,,,,"5,647,023,365","5,645,762,259","5,646,498,996","4,151,601,432","5,640,550,105",,,,,,,"9,593,749,613","9,594,768,947","9,594,174,791","9,606,929,619","9,599,976,939",,,,,,,"1,535,197,767","1,535,504,324","1,535,293,946","1,527,721,868","1,530,425,423",,,,,,,"11,128,947,380","11,130,273,270","11,129,468,737","11,134,651,487","11,130,402,362",,,,,
Ukraine,LMIC,UKR,63,,"50,273,011","50,262,419","50,255,266","50,190,163","50,278,003",,,,,,,"1,428,448,256","1,427,888,262","1,427,474,123","1,420,010,028","1,426,565,324",,,,,,,"2,404,603,732","2,405,183,801","2,405,589,633","2,413,108,794","2,406,470,551",,,,,,,"425,661,325","425,897,287","425,984,859","423,183,591","423,504,612",,,,,,,"2,830,265,057","2,831,081,088","2,831,574,492","2,836,292,385","2,829,975,164",,,,,
United Republic of Tanzania,LMIC,TZA,189,,"177,332,272","177,305,095","177,321,354","177,190,822","177,288,452",,,,,,,"9,504,625,254","9,503,125,892","9,504,043,476","9,488,034,377","9,496,963,667",,,,,,,"18,293,770,700","18,294,821,150","18,294,193,763","18,308,278,955","18,300,782,561",,,,,,,"2,681,517,827","2,681,791,336","2,681,589,154","2,673,514,603","2,676,502,407",,,,,,,"20,975,288,527","20,976,612,485","20,975,782,917","20,981,793,558","20,977,284,968",,,,,
Uzbekistan,LMIC,UZB,41,,"50,838,189","50,824,047","50,825,276","50,743,286","50,822,935",,,,,,,"1,721,837,615","1,721,104,001","1,721,081,570","1,709,692,346","1,717,089,884",,,,,,,"3,573,816,303","3,574,544,660","3,574,537,283","3,585,639,083","3,578,449,895",,,,,,,"552,620,393","552,800,691","552,720,418","546,870,094","549,037,191",,,,,,,"4,126,436,695","4,127,345,350","4,127,257,701","4,132,509,177","4,127,487,086",,,,,
Viet Nam,LMIC,VNM,20,,"110,637,846","110,540,707","110,593,068","110,217,632","110,550,232",,,,,,,"3,876,820,199","3,874,779,605","3,875,628,541","3,852,176,828","3,866,294,416",,,,,,,"8,301,069,036","8,302,751,276","8,302,064,437","8,323,909,296","8,311,187,998",,,,,,,"1,413,619,497","1,413,963,307","1,413,780,089","1,401,103,173","1,405,788,636",,,,,,,"9,714,688,533","9,716,714,583","9,715,844,525","9,725,012,469","9,716,976,634",,,,,
Yemen,LIC,YEM,157,,"58,799,356","58,786,224","58,789,094","58,737,530","58,795,333",,,,,,,"2,436,877,908","2,436,248,525","2,436,332,745","1,779,274,786","2,432,805,889",,,,,,,"4,387,502,271","4,388,154,553","4,388,018,048","4,397,271,459","4,391,518,321",,,,,,,"670,682,341","670,883,656","670,782,080","664,641,602","666,904,947",,,,,,,"5,058,184,612","5,059,038,209","5,058,800,128","5,061,913,062","5,058,423,268",,,,,